id,item_id,invoice_id,quantity,unit_price,status,created_at,updated_at
1,539,1,5,13635,packaged,2012-03-27 14:54:09 UTC,2012-03-27 14:54:09 UTC
2,528,1,9,23324,pending,2012-03-27 14:54:09 UTC,2012-03-27 14:54:09 UTC
3,523,1,8,34873,packaged,2012-03-27 14:54:09 UTC,2012-03-27 14:54:09 UTC
4,535,1,3,2196,packaged,2012-03-27 14:54:09 UTC,2012-03-27 14:54:09 UTC
5,529,1,7,79140,shipped,2012-03-27 14:54:09 UTC,2012-03-27 14:54:09 UTC
6,541,1,5,52100,packaged,2012-03-27 14:54:09 UTC,2012-03-27 14:54:09 UTC
7,530,1,4,66747,shipped,2012-03-27 14:54:09 UTC,2012-03-27 14:54:09 UTC
8,534,1,6,76941,shipped,2012-03-27 14:54:09 UTC,2012-03-27 14:54:09 UTC
9,1832,2,6,29973,pending,2012-03-27 14:54:09 UTC,2012-03-27 14:54:09 UTC
10,1830,2,4,1859,packaged,2012-03-27 14:54:09 UTC,2012-03-27 14:54:09 UTC
11,1849,2,3,30949,shipped,2012-03-27 14:54:09 UTC,2012-03-27 14:54:09 UTC
12,1845,2,8,31099,pending,2012-03-27 14:54:09 UTC,2012-03-27 14:54:09 UTC
13,1921,3,4,78660,shipped,2012-03-27 14:54:09 UTC,2012-03-27 14:54:09 UTC
14,1920,3,7,4264,shipped,2012-03-27 14:54:09 UTC,2012-03-27 14:54:09 UTC
15,1918,3,5,72018,packaged,2012-03-27 14:54:09 UTC,2012-03-27 14:54:09 UTC
16,1918,3,9,72018,shipped,2012-03-27 14:54:10 UTC,2012-03-27 14:54:10 UTC
17,1922,3,5,46383,packaged,2012-03-27 14:54:10 UTC,2012-03-27 14:54:10 UTC
18,1921,3,5,78660,pending,2012-03-27 14:54:10 UTC,2012-03-27 14:54:10 UTC
19,1917,3,8,48718,packaged,2012-03-27 14:54:10 UTC,2012-03-27 14:54:10 UTC
20,1918,3,9,72018,pending,2012-03-27 14:54:10 UTC,2012-03-27 14:54:10 UTC
21,680,4,2,42203,pending,2012-03-27 14:54:10 UTC,2012-03-27 14:54:10 UTC
22,687,4,3,37333,packaged,2012-03-27 14:54:10 UTC,2012-03-27 14:54:10 UTC
23,932,5,1,66412,pending,2012-03-27 14:54:10 UTC,2012-03-27 14:54:10 UTC
24,937,5,10,49121,packaged,2012-03-27 14:54:10 UTC,2012-03-27 14:54:10 UTC
25,928,5,9,32346,shipped,2012-03-27 14:54:10 UTC,2012-03-27 14:54:10 UTC
26,936,5,10,73408,shipped,2012-03-27 14:54:10 UTC,2012-03-27 14:54:10 UTC
27,1867,6,2,8342,shipped,2012-03-27 14:54:10 UTC,2012-03-27 14:54:10 UTC
28,1878,6,3,48795,packaged,2012-03-27 14:54:10 UTC,2012-03-27 14:54:10 UTC
29,1858,6,2,22098,packaged,2012-03-27 14:54:10 UTC,2012-03-27 14:54:10 UTC
30,1862,6,6,18222,shipped,2012-03-27 14:54:10 UTC,2012-03-27 14:54:10 UTC
31,1865,6,2,50369,shipped,2012-03-27 14:54:10 UTC,2012-03-27 14:54:10 UTC
32,1853,6,1,25717,shipped,2012-03-27 14:54:10 UTC,2012-03-27 14:54:10 UTC
33,1871,6,1,34423,shipped,2012-03-27 14:54:10 UTC,2012-03-27 14:54:10 UTC
34,984,7,4,59584,shipped,2012-03-27 14:54:10 UTC,2012-03-27 14:54:10 UTC
35,970,7,9,97851,packaged,2012-03-27 14:54:10 UTC,2012-03-27 14:54:10 UTC
36,986,7,9,54689,shipped,2012-03-27 14:54:10 UTC,2012-03-27 14:54:10 UTC
37,969,7,2,45518,shipped,2012-03-27 14:54:10 UTC,2012-03-27 14:54:10 UTC
38,848,8,2,50051,packaged,2012-03-27 14:54:10 UTC,2012-03-27 14:54:10 UTC
39,848,8,5,50051,pending,2012-03-27 14:54:10 UTC,2012-03-27 14:54:10 UTC
40,849,8,2,35772,shipped,2012-03-27 14:54:10 UTC,2012-03-27 14:54:10 UTC
41,847,8,2,70783,shipped,2012-03-27 14:54:10 UTC,2012-03-27 14:54:10 UTC
42,849,8,8,35772,shipped,2012-03-27 14:54:10 UTC,2012-03-27 14:54:10 UTC
43,847,8,9,70783,packaged,2012-03-27 14:54:10 UTC,2012-03-27 14:54:10 UTC
44,847,8,7,70783,packaged,2012-03-27 14:54:10 UTC,2012-03-27 14:54:10 UTC
45,847,8,7,70783,packaged,2012-03-27 14:54:10 UTC,2012-03-27 14:54:10 UTC
46,543,9,10,6056,packaged,2012-03-27 14:54:10 UTC,2012-03-27 14:54:10 UTC
47,547,9,4,48582,shipped,2012-03-27 14:54:10 UTC,2012-03-27 14:54:10 UTC
48,548,9,5,29744,pending,2012-03-27 14:54:10 UTC,2012-03-27 14:54:10 UTC
49,2061,10,4,17154,packaged,2012-03-27 14:54:10 UTC,2012-03-27 14:54:10 UTC
50,2055,10,6,54368,pending,2012-03-27 14:54:10 UTC,2012-03-27 14:54:10 UTC
51,2087,10,3,80725,packaged,2012-03-27 14:54:10 UTC,2012-03-27 14:54:10 UTC
52,2089,10,4,98668,shipped,2012-03-27 14:54:10 UTC,2012-03-27 14:54:10 UTC
53,2059,10,6,47367,pending,2012-03-27 14:54:10 UTC,2012-03-27 14:54:10 UTC
54,1404,11,7,62086,pending,2012-03-27 14:54:10 UTC,2012-03-27 14:54:10 UTC
55,1423,11,2,40187,shipped,2012-03-27 14:54:10 UTC,2012-03-27 14:54:10 UTC
56,150,12,2,78031,pending,2012-03-27 14:54:10 UTC,2012-03-27 14:54:10 UTC
57,127,12,2,41702,packaged,2012-03-27 14:54:10 UTC,2012-03-27 14:54:10 UTC
58,156,12,6,71340,packaged,2012-03-27 14:54:10 UTC,2012-03-27 14:54:10 UTC
59,160,12,6,7196,pending,2012-03-27 14:54:10 UTC,2012-03-27 14:54:10 UTC
60,127,12,3,41702,packaged,2012-03-27 14:54:10 UTC,2012-03-27 14:54:10 UTC
61,134,12,8,22546,pending,2012-03-27 14:54:10 UTC,2012-03-27 14:54:10 UTC
62,719,13,4,6345,pending,2012-03-27 14:54:10 UTC,2012-03-27 14:54:10 UTC
63,710,13,8,84928,packaged,2012-03-27 14:54:10 UTC,2012-03-27 14:54:10 UTC
64,712,13,10,84803,packaged,2012-03-27 14:54:10 UTC,2012-03-27 14:54:10 UTC
65,718,13,5,12098,shipped,2012-03-27 14:54:10 UTC,2012-03-27 14:54:10 UTC
66,721,13,2,3024,pending,2012-03-27 14:54:10 UTC,2012-03-27 14:54:10 UTC
67,978,14,9,45253,shipped,2012-03-27 14:54:10 UTC,2012-03-27 14:54:10 UTC
68,974,14,4,67760,packaged,2012-03-27 14:54:10 UTC,2012-03-27 14:54:10 UTC
69,978,14,3,45253,shipped,2012-03-27 14:54:10 UTC,2012-03-27 14:54:10 UTC
70,983,14,1,55096,shipped,2012-03-27 14:54:10 UTC,2012-03-27 14:54:10 UTC
71,987,14,8,63465,pending,2012-03-27 14:54:10 UTC,2012-03-27 14:54:10 UTC
72,981,14,3,2126,pending,2012-03-27 14:54:10 UTC,2012-03-27 14:54:10 UTC
73,969,14,7,45518,packaged,2012-03-27 14:54:10 UTC,2012-03-27 14:54:10 UTC
74,972,14,6,91298,packaged,2012-03-27 14:54:10 UTC,2012-03-27 14:54:10 UTC
75,2039,15,7,75637,packaged,2012-03-27 14:54:10 UTC,2012-03-27 14:54:10 UTC
76,2030,15,7,74285,packaged,2012-03-27 14:54:10 UTC,2012-03-27 14:54:10 UTC
77,2032,15,4,45339,shipped,2012-03-27 14:54:10 UTC,2012-03-27 14:54:10 UTC
78,2037,15,1,89480,pending,2012-03-27 14:54:10 UTC,2012-03-27 14:54:10 UTC
79,2029,15,3,82413,packaged,2012-03-27 14:54:10 UTC,2012-03-27 14:54:10 UTC
80,2027,15,1,93831,packaged,2012-03-27 14:54:10 UTC,2012-03-27 14:54:10 UTC
81,2041,15,8,92302,pending,2012-03-27 14:54:10 UTC,2012-03-27 14:54:10 UTC
82,2037,15,8,89480,packaged,2012-03-27 14:54:10 UTC,2012-03-27 14:54:10 UTC
83,543,16,4,6056,packaged,2012-03-27 14:54:10 UTC,2012-03-27 14:54:10 UTC
84,227,17,6,85319,shipped,2012-03-27 14:54:10 UTC,2012-03-27 14:54:10 UTC
85,227,17,10,85319,pending,2012-03-27 14:54:10 UTC,2012-03-27 14:54:10 UTC
86,227,17,6,85319,shipped,2012-03-27 14:54:10 UTC,2012-03-27 14:54:10 UTC
87,227,17,7,85319,pending,2012-03-27 14:54:10 UTC,2012-03-27 14:54:10 UTC
88,1147,18,2,88660,packaged,2012-03-27 14:54:10 UTC,2012-03-27 14:54:10 UTC
89,1161,18,3,82821,pending,2012-03-27 14:54:10 UTC,2012-03-27 14:54:10 UTC
90,1175,18,5,46317,shipped,2012-03-27 14:54:10 UTC,2012-03-27 14:54:10 UTC
91,1164,18,6,35891,shipped,2012-03-27 14:54:10 UTC,2012-03-27 14:54:10 UTC
92,1165,18,7,66599,shipped,2012-03-27 14:54:10 UTC,2012-03-27 14:54:10 UTC
93,1162,18,5,82819,pending,2012-03-27 14:54:10 UTC,2012-03-27 14:54:10 UTC
94,1162,18,8,82819,pending,2012-03-27 14:54:10 UTC,2012-03-27 14:54:10 UTC
95,1991,19,6,40767,packaged,2012-03-27 14:54:10 UTC,2012-03-27 14:54:10 UTC
96,2010,19,8,48177,packaged,2012-03-27 14:54:10 UTC,2012-03-27 14:54:10 UTC
97,1993,19,7,69590,shipped,2012-03-27 14:54:10 UTC,2012-03-27 14:54:10 UTC
98,205,20,7,98947,shipped,2012-03-27 14:54:10 UTC,2012-03-27 14:54:10 UTC
99,203,20,3,99465,packaged,2012-03-27 14:54:10 UTC,2012-03-27 14:54:10 UTC
100,201,20,2,77409,packaged,2012-03-27 14:54:10 UTC,2012-03-27 14:54:10 UTC
101,206,20,1,78612,shipped,2012-03-27 14:54:10 UTC,2012-03-27 14:54:10 UTC
102,201,20,1,77409,shipped,2012-03-27 14:54:10 UTC,2012-03-27 14:54:10 UTC
103,2184,21,4,50976,pending,2012-03-27 14:54:10 UTC,2012-03-27 14:54:10 UTC
104,2178,21,6,96110,packaged,2012-03-27 14:54:10 UTC,2012-03-27 14:54:10 UTC
105,2183,21,8,70021,pending,2012-03-27 14:54:10 UTC,2012-03-27 14:54:10 UTC
106,2190,21,10,79619,shipped,2012-03-27 14:54:10 UTC,2012-03-27 14:54:10 UTC
107,2209,21,5,26615,shipped,2012-03-27 14:54:10 UTC,2012-03-27 14:54:10 UTC
108,2209,21,3,26615,shipped,2012-03-27 14:54:10 UTC,2012-03-27 14:54:10 UTC
109,1928,22,1,5488,shipped,2012-03-27 14:54:10 UTC,2012-03-27 14:54:10 UTC
110,1923,22,5,83466,shipped,2012-03-27 14:54:10 UTC,2012-03-27 14:54:10 UTC
111,1925,22,7,81647,pending,2012-03-27 14:54:10 UTC,2012-03-27 14:54:10 UTC
112,1924,22,9,74641,pending,2012-03-27 14:54:10 UTC,2012-03-27 14:54:10 UTC
113,1927,22,10,88937,packaged,2012-03-27 14:54:11 UTC,2012-03-27 14:54:11 UTC
114,1926,22,2,70356,pending,2012-03-27 14:54:11 UTC,2012-03-27 14:54:11 UTC
115,1926,22,4,70356,packaged,2012-03-27 14:54:11 UTC,2012-03-27 14:54:11 UTC
116,2213,23,6,90972,shipped,2012-03-27 14:54:11 UTC,2012-03-27 14:54:11 UTC
117,286,24,5,33554,shipped,2012-03-27 14:54:11 UTC,2012-03-27 14:54:11 UTC
118,305,24,4,49203,pending,2012-03-27 14:54:11 UTC,2012-03-27 14:54:11 UTC
119,2071,25,10,20539,packaged,2012-03-27 14:54:11 UTC,2012-03-27 14:54:11 UTC
120,2086,25,9,75644,shipped,2012-03-27 14:54:11 UTC,2012-03-27 14:54:11 UTC
121,2064,25,8,94117,shipped,2012-03-27 14:54:11 UTC,2012-03-27 14:54:11 UTC
122,561,26,7,28965,pending,2012-03-27 14:54:11 UTC,2012-03-27 14:54:11 UTC
123,562,26,3,21590,packaged,2012-03-27 14:54:11 UTC,2012-03-27 14:54:11 UTC
124,576,26,9,70137,pending,2012-03-27 14:54:11 UTC,2012-03-27 14:54:11 UTC
125,553,26,4,10356,packaged,2012-03-27 14:54:11 UTC,2012-03-27 14:54:11 UTC
126,578,26,9,65505,shipped,2012-03-27 14:54:11 UTC,2012-03-27 14:54:11 UTC
127,560,26,1,65896,packaged,2012-03-27 14:54:11 UTC,2012-03-27 14:54:11 UTC
128,571,26,4,74817,shipped,2012-03-27 14:54:11 UTC,2012-03-27 14:54:11 UTC
129,1464,27,6,35980,pending,2012-03-27 14:54:11 UTC,2012-03-27 14:54:11 UTC
130,2418,28,9,56345,pending,2012-03-27 14:54:11 UTC,2012-03-27 14:54:11 UTC
131,2406,28,4,96918,shipped,2012-03-27 14:54:11 UTC,2012-03-27 14:54:11 UTC
132,2413,28,4,36881,shipped,2012-03-27 14:54:11 UTC,2012-03-27 14:54:11 UTC
133,9,29,9,22582,packaged,2012-03-27 14:54:11 UTC,2012-03-27 14:54:11 UTC
134,4,29,4,4291,pending,2012-03-27 14:54:11 UTC,2012-03-27 14:54:11 UTC
135,1,29,2,75107,packaged,2012-03-27 14:54:11 UTC,2012-03-27 14:54:11 UTC
136,2,29,10,67076,packaged,2012-03-27 14:54:11 UTC,2012-03-27 14:54:11 UTC
137,4,29,1,4291,packaged,2012-03-27 14:54:11 UTC,2012-03-27 14:54:11 UTC
138,6,29,6,15925,packaged,2012-03-27 14:54:11 UTC,2012-03-27 14:54:11 UTC
139,7,29,4,31163,packaged,2012-03-27 14:54:11 UTC,2012-03-27 14:54:11 UTC
140,6,29,1,15925,pending,2012-03-27 14:54:11 UTC,2012-03-27 14:54:11 UTC
141,551,30,5,49948,shipped,2012-03-27 14:54:11 UTC,2012-03-27 14:54:11 UTC
142,575,30,6,1047,packaged,2012-03-27 14:54:11 UTC,2012-03-27 14:54:11 UTC
143,1135,31,10,74446,shipped,2012-03-27 14:54:11 UTC,2012-03-27 14:54:11 UTC
144,1135,31,3,74446,pending,2012-03-27 14:54:11 UTC,2012-03-27 14:54:11 UTC
145,1136,31,1,94933,shipped,2012-03-27 14:54:11 UTC,2012-03-27 14:54:11 UTC
146,1136,31,6,94933,packaged,2012-03-27 14:54:11 UTC,2012-03-27 14:54:11 UTC
147,1129,31,4,24053,shipped,2012-03-27 14:54:11 UTC,2012-03-27 14:54:11 UTC
148,1133,31,8,65964,pending,2012-03-27 14:54:11 UTC,2012-03-27 14:54:11 UTC
149,1133,31,9,65964,packaged,2012-03-27 14:54:11 UTC,2012-03-27 14:54:11 UTC
150,2046,32,4,14772,pending,2012-03-27 14:54:11 UTC,2012-03-27 14:54:11 UTC
151,2046,32,10,14772,pending,2012-03-27 14:54:11 UTC,2012-03-27 14:54:11 UTC
152,2046,32,8,14772,shipped,2012-03-27 14:54:11 UTC,2012-03-27 14:54:11 UTC
153,2042,32,6,60093,packaged,2012-03-27 14:54:11 UTC,2012-03-27 14:54:11 UTC
154,2043,32,10,77563,pending,2012-03-27 14:54:11 UTC,2012-03-27 14:54:11 UTC
155,2048,32,9,1553,packaged,2012-03-27 14:54:11 UTC,2012-03-27 14:54:11 UTC
156,2042,32,5,60093,packaged,2012-03-27 14:54:11 UTC,2012-03-27 14:54:11 UTC
157,2052,32,5,87411,shipped,2012-03-27 14:54:11 UTC,2012-03-27 14:54:11 UTC
158,956,33,5,10933,shipped,2012-03-27 14:54:11 UTC,2012-03-27 14:54:11 UTC
159,956,33,10,10933,packaged,2012-03-27 14:54:11 UTC,2012-03-27 14:54:11 UTC
160,963,33,2,30323,pending,2012-03-27 14:54:11 UTC,2012-03-27 14:54:11 UTC
161,951,33,8,29868,pending,2012-03-27 14:54:11 UTC,2012-03-27 14:54:11 UTC
162,961,33,10,82216,pending,2012-03-27 14:54:11 UTC,2012-03-27 14:54:11 UTC
163,2371,34,9,90367,pending,2012-03-27 14:54:11 UTC,2012-03-27 14:54:11 UTC
164,2364,34,5,94583,shipped,2012-03-27 14:54:11 UTC,2012-03-27 14:54:11 UTC
165,2394,34,6,68536,packaged,2012-03-27 14:54:11 UTC,2012-03-27 14:54:11 UTC
166,2391,34,4,68007,packaged,2012-03-27 14:54:11 UTC,2012-03-27 14:54:11 UTC
167,2376,34,9,48491,packaged,2012-03-27 14:54:11 UTC,2012-03-27 14:54:11 UTC
168,2372,34,1,91927,pending,2012-03-27 14:54:11 UTC,2012-03-27 14:54:11 UTC
169,1377,35,4,17933,shipped,2012-03-27 14:54:11 UTC,2012-03-27 14:54:11 UTC
170,1391,35,6,45989,packaged,2012-03-27 14:54:11 UTC,2012-03-27 14:54:11 UTC
171,1391,35,3,45989,packaged,2012-03-27 14:54:11 UTC,2012-03-27 14:54:11 UTC
172,2321,36,9,88102,pending,2012-03-27 14:54:11 UTC,2012-03-27 14:54:11 UTC
173,2324,36,8,30485,shipped,2012-03-27 14:54:11 UTC,2012-03-27 14:54:11 UTC
174,2310,36,4,52356,pending,2012-03-27 14:54:11 UTC,2012-03-27 14:54:11 UTC
175,854,37,2,37571,pending,2012-03-27 14:54:11 UTC,2012-03-27 14:54:11 UTC
176,1808,38,3,65305,packaged,2012-03-27 14:54:11 UTC,2012-03-27 14:54:11 UTC
177,1802,38,4,63232,packaged,2012-03-27 14:54:11 UTC,2012-03-27 14:54:11 UTC
178,938,39,7,57632,shipped,2012-03-27 14:54:11 UTC,2012-03-27 14:54:11 UTC
179,925,39,5,38716,shipped,2012-03-27 14:54:11 UTC,2012-03-27 14:54:11 UTC
180,931,39,1,32321,pending,2012-03-27 14:54:11 UTC,2012-03-27 14:54:11 UTC
181,934,39,8,45218,pending,2012-03-27 14:54:11 UTC,2012-03-27 14:54:11 UTC
182,925,39,5,38716,shipped,2012-03-27 14:54:11 UTC,2012-03-27 14:54:11 UTC
183,924,39,3,40138,pending,2012-03-27 14:54:11 UTC,2012-03-27 14:54:11 UTC
184,2247,40,10,17505,pending,2012-03-27 14:54:11 UTC,2012-03-27 14:54:11 UTC
185,2263,40,5,63451,shipped,2012-03-27 14:54:11 UTC,2012-03-27 14:54:11 UTC
186,2249,40,10,82457,packaged,2012-03-27 14:54:11 UTC,2012-03-27 14:54:11 UTC
187,2269,40,3,53765,packaged,2012-03-27 14:54:11 UTC,2012-03-27 14:54:11 UTC
188,2268,40,4,37578,shipped,2012-03-27 14:54:11 UTC,2012-03-27 14:54:11 UTC
189,2276,41,9,56253,shipped,2012-03-27 14:54:11 UTC,2012-03-27 14:54:11 UTC
190,1210,42,2,15191,shipped,2012-03-27 14:54:11 UTC,2012-03-27 14:54:11 UTC
191,1202,42,3,68910,packaged,2012-03-27 14:54:11 UTC,2012-03-27 14:54:11 UTC
192,1190,42,1,91251,shipped,2012-03-27 14:54:11 UTC,2012-03-27 14:54:11 UTC
193,1185,42,2,14004,packaged,2012-03-27 14:54:11 UTC,2012-03-27 14:54:11 UTC
194,1218,42,7,22512,pending,2012-03-27 14:54:11 UTC,2012-03-27 14:54:11 UTC
195,1220,42,9,15460,packaged,2012-03-27 14:54:11 UTC,2012-03-27 14:54:11 UTC
196,1293,43,7,2631,packaged,2012-03-27 14:54:11 UTC,2012-03-27 14:54:11 UTC
197,1290,43,9,30157,shipped,2012-03-27 14:54:11 UTC,2012-03-27 14:54:11 UTC
198,1326,43,8,85707,pending,2012-03-27 14:54:11 UTC,2012-03-27 14:54:11 UTC
199,1282,43,9,62925,pending,2012-03-27 14:54:11 UTC,2012-03-27 14:54:11 UTC
200,1286,43,1,40897,pending,2012-03-27 14:54:11 UTC,2012-03-27 14:54:11 UTC
201,85,44,6,6853,shipped,2012-03-27 14:54:11 UTC,2012-03-27 14:54:11 UTC
202,84,44,1,88026,packaged,2012-03-27 14:54:11 UTC,2012-03-27 14:54:11 UTC
203,37,45,10,10781,packaged,2012-03-27 14:54:11 UTC,2012-03-27 14:54:11 UTC
204,52,45,8,85642,pending,2012-03-27 14:54:11 UTC,2012-03-27 14:54:11 UTC
205,2089,46,1,98668,pending,2012-03-27 14:54:12 UTC,2012-03-27 14:54:12 UTC
206,1056,47,5,91721,shipped,2012-03-27 14:54:12 UTC,2012-03-27 14:54:12 UTC
207,1229,48,1,54715,shipped,2012-03-27 14:54:12 UTC,2012-03-27 14:54:12 UTC
208,1221,48,1,43691,pending,2012-03-27 14:54:12 UTC,2012-03-27 14:54:12 UTC
209,1400,49,7,27462,packaged,2012-03-27 14:54:12 UTC,2012-03-27 14:54:12 UTC
210,1411,49,10,62071,pending,2012-03-27 14:54:12 UTC,2012-03-27 14:54:12 UTC
211,1403,49,7,96859,pending,2012-03-27 14:54:12 UTC,2012-03-27 14:54:12 UTC
212,1418,49,9,91809,pending,2012-03-27 14:54:12 UTC,2012-03-27 14:54:12 UTC
213,1421,49,3,91272,shipped,2012-03-27 14:54:12 UTC,2012-03-27 14:54:12 UTC
214,1415,49,4,97280,packaged,2012-03-27 14:54:12 UTC,2012-03-27 14:54:12 UTC
215,1407,49,5,56493,packaged,2012-03-27 14:54:12 UTC,2012-03-27 14:54:12 UTC
216,584,50,8,86112,packaged,2012-03-27 14:54:12 UTC,2012-03-27 14:54:12 UTC
217,588,50,10,31650,packaged,2012-03-27 14:54:12 UTC,2012-03-27 14:54:12 UTC
218,590,50,5,80827,pending,2012-03-27 14:54:12 UTC,2012-03-27 14:54:12 UTC
219,585,50,5,65382,packaged,2012-03-27 14:54:12 UTC,2012-03-27 14:54:12 UTC
220,587,50,1,5003,shipped,2012-03-27 14:54:12 UTC,2012-03-27 14:54:12 UTC
221,1118,51,1,28509,pending,2012-03-27 14:54:12 UTC,2012-03-27 14:54:12 UTC
222,1119,51,10,94378,shipped,2012-03-27 14:54:12 UTC,2012-03-27 14:54:12 UTC
223,1119,51,1,94378,shipped,2012-03-27 14:54:12 UTC,2012-03-27 14:54:12 UTC
224,1119,51,5,94378,pending,2012-03-27 14:54:12 UTC,2012-03-27 14:54:12 UTC
225,1119,51,4,94378,shipped,2012-03-27 14:54:12 UTC,2012-03-27 14:54:12 UTC
226,1118,51,2,28509,pending,2012-03-27 14:54:12 UTC,2012-03-27 14:54:12 UTC
227,2130,52,8,46139,pending,2012-03-27 14:54:12 UTC,2012-03-27 14:54:12 UTC
228,2117,52,4,19490,shipped,2012-03-27 14:54:12 UTC,2012-03-27 14:54:12 UTC
229,2124,52,5,94618,shipped,2012-03-27 14:54:12 UTC,2012-03-27 14:54:12 UTC
230,2102,52,3,64411,shipped,2012-03-27 14:54:12 UTC,2012-03-27 14:54:12 UTC
231,2118,52,4,23307,shipped,2012-03-27 14:54:12 UTC,2012-03-27 14:54:12 UTC
232,2120,52,3,10678,shipped,2012-03-27 14:54:12 UTC,2012-03-27 14:54:12 UTC
233,738,53,8,40427,pending,2012-03-27 14:54:12 UTC,2012-03-27 14:54:12 UTC
234,720,53,1,42842,shipped,2012-03-27 14:54:12 UTC,2012-03-27 14:54:12 UTC
235,702,53,8,21482,pending,2012-03-27 14:54:12 UTC,2012-03-27 14:54:12 UTC
236,735,53,7,75044,packaged,2012-03-27 14:54:12 UTC,2012-03-27 14:54:12 UTC
237,209,54,8,23092,pending,2012-03-27 14:54:12 UTC,2012-03-27 14:54:12 UTC
238,209,54,4,23092,packaged,2012-03-27 14:54:12 UTC,2012-03-27 14:54:12 UTC
239,207,54,1,32427,shipped,2012-03-27 14:54:12 UTC,2012-03-27 14:54:12 UTC
240,2431,55,1,59133,pending,2012-03-27 14:54:12 UTC,2012-03-27 14:54:12 UTC
241,2403,55,7,53905,packaged,2012-03-27 14:54:12 UTC,2012-03-27 14:54:12 UTC
242,2419,55,8,79964,pending,2012-03-27 14:54:12 UTC,2012-03-27 14:54:12 UTC
243,2397,55,3,4265,packaged,2012-03-27 14:54:12 UTC,2012-03-27 14:54:12 UTC
244,2406,55,2,96918,shipped,2012-03-27 14:54:12 UTC,2012-03-27 14:54:12 UTC
245,2398,55,5,71222,shipped,2012-03-27 14:54:12 UTC,2012-03-27 14:54:12 UTC
246,2411,55,10,59496,packaged,2012-03-27 14:54:12 UTC,2012-03-27 14:54:12 UTC
247,668,56,7,23467,pending,2012-03-27 14:54:12 UTC,2012-03-27 14:54:12 UTC
248,674,56,7,99028,shipped,2012-03-27 14:54:12 UTC,2012-03-27 14:54:12 UTC
249,644,56,3,51226,pending,2012-03-27 14:54:12 UTC,2012-03-27 14:54:12 UTC
250,675,56,6,85298,shipped,2012-03-27 14:54:12 UTC,2012-03-27 14:54:12 UTC
251,648,56,1,35490,pending,2012-03-27 14:54:12 UTC,2012-03-27 14:54:12 UTC
252,657,56,8,61628,packaged,2012-03-27 14:54:12 UTC,2012-03-27 14:54:12 UTC
253,1800,57,1,65003,shipped,2012-03-27 14:54:12 UTC,2012-03-27 14:54:12 UTC
254,1792,57,4,22489,shipped,2012-03-27 14:54:12 UTC,2012-03-27 14:54:12 UTC
255,1787,57,1,10924,pending,2012-03-27 14:54:12 UTC,2012-03-27 14:54:12 UTC
256,1808,57,5,65305,packaged,2012-03-27 14:54:12 UTC,2012-03-27 14:54:12 UTC
257,1783,57,9,61013,shipped,2012-03-27 14:54:12 UTC,2012-03-27 14:54:12 UTC
258,1801,57,9,55332,packaged,2012-03-27 14:54:12 UTC,2012-03-27 14:54:12 UTC
259,1798,57,7,82201,packaged,2012-03-27 14:54:12 UTC,2012-03-27 14:54:12 UTC
260,1803,57,6,37887,packaged,2012-03-27 14:54:12 UTC,2012-03-27 14:54:12 UTC
261,1729,58,9,58542,packaged,2012-03-27 14:54:12 UTC,2012-03-27 14:54:12 UTC
262,1730,58,2,12643,pending,2012-03-27 14:54:12 UTC,2012-03-27 14:54:12 UTC
263,1729,58,7,58542,packaged,2012-03-27 14:54:12 UTC,2012-03-27 14:54:12 UTC
264,2266,59,8,10491,shipped,2012-03-27 14:54:12 UTC,2012-03-27 14:54:12 UTC
265,1138,60,5,31761,pending,2012-03-27 14:54:12 UTC,2012-03-27 14:54:12 UTC
266,1140,60,7,87012,shipped,2012-03-27 14:54:12 UTC,2012-03-27 14:54:12 UTC
267,1135,60,2,74446,shipped,2012-03-27 14:54:12 UTC,2012-03-27 14:54:12 UTC
268,1132,60,6,21446,shipped,2012-03-27 14:54:12 UTC,2012-03-27 14:54:12 UTC
269,1134,60,3,90590,packaged,2012-03-27 14:54:12 UTC,2012-03-27 14:54:12 UTC
270,1127,60,4,70048,shipped,2012-03-27 14:54:12 UTC,2012-03-27 14:54:12 UTC
271,1129,60,4,24053,pending,2012-03-27 14:54:12 UTC,2012-03-27 14:54:12 UTC
272,1867,61,5,8342,pending,2012-03-27 14:54:12 UTC,2012-03-27 14:54:12 UTC
273,1855,61,3,2488,shipped,2012-03-27 14:54:12 UTC,2012-03-27 14:54:12 UTC
274,1872,61,3,32622,packaged,2012-03-27 14:54:12 UTC,2012-03-27 14:54:12 UTC
275,1863,61,3,13505,packaged,2012-03-27 14:54:12 UTC,2012-03-27 14:54:12 UTC
276,1883,61,9,83674,packaged,2012-03-27 14:54:12 UTC,2012-03-27 14:54:12 UTC
277,2359,62,9,98779,pending,2012-03-27 14:54:12 UTC,2012-03-27 14:54:12 UTC
278,2340,62,10,70575,pending,2012-03-27 14:54:12 UTC,2012-03-27 14:54:12 UTC
279,2341,62,9,28398,shipped,2012-03-27 14:54:12 UTC,2012-03-27 14:54:12 UTC
280,2329,62,4,89131,shipped,2012-03-27 14:54:12 UTC,2012-03-27 14:54:12 UTC
281,2337,62,8,56486,pending,2012-03-27 14:54:12 UTC,2012-03-27 14:54:12 UTC
282,2342,62,7,31791,pending,2012-03-27 14:54:12 UTC,2012-03-27 14:54:12 UTC
283,2330,62,1,45253,packaged,2012-03-27 14:54:12 UTC,2012-03-27 14:54:12 UTC
284,2334,62,4,97216,pending,2012-03-27 14:54:12 UTC,2012-03-27 14:54:12 UTC
285,321,63,8,37750,shipped,2012-03-27 14:54:12 UTC,2012-03-27 14:54:12 UTC
286,320,63,8,62620,shipped,2012-03-27 14:54:12 UTC,2012-03-27 14:54:12 UTC
287,322,63,3,43120,shipped,2012-03-27 14:54:12 UTC,2012-03-27 14:54:12 UTC
288,328,63,1,17605,shipped,2012-03-27 14:54:12 UTC,2012-03-27 14:54:12 UTC
289,2301,64,1,53742,shipped,2012-03-27 14:54:12 UTC,2012-03-27 14:54:12 UTC
290,2301,64,5,53742,shipped,2012-03-27 14:54:12 UTC,2012-03-27 14:54:12 UTC
291,2302,64,5,3590,shipped,2012-03-27 14:54:12 UTC,2012-03-27 14:54:12 UTC
292,1869,65,4,18827,pending,2012-03-27 14:54:12 UTC,2012-03-27 14:54:12 UTC
293,1853,65,5,25717,pending,2012-03-27 14:54:12 UTC,2012-03-27 14:54:12 UTC
294,1876,65,4,84160,shipped,2012-03-27 14:54:12 UTC,2012-03-27 14:54:12 UTC
295,1867,65,10,8342,shipped,2012-03-27 14:54:12 UTC,2012-03-27 14:54:12 UTC
296,1332,66,1,71337,pending,2012-03-27 14:54:12 UTC,2012-03-27 14:54:12 UTC
297,1368,66,7,27409,shipped,2012-03-27 14:54:12 UTC,2012-03-27 14:54:12 UTC
298,1356,66,4,25236,pending,2012-03-27 14:54:12 UTC,2012-03-27 14:54:12 UTC
299,1330,66,9,67733,shipped,2012-03-27 14:54:12 UTC,2012-03-27 14:54:12 UTC
300,1067,67,6,37496,packaged,2012-03-27 14:54:12 UTC,2012-03-27 14:54:12 UTC
301,1053,67,9,56433,shipped,2012-03-27 14:54:12 UTC,2012-03-27 14:54:12 UTC
302,1065,67,3,64747,pending,2012-03-27 14:54:12 UTC,2012-03-27 14:54:12 UTC
303,1066,67,4,49094,pending,2012-03-27 14:54:13 UTC,2012-03-27 14:54:13 UTC
304,1056,67,2,91721,packaged,2012-03-27 14:54:13 UTC,2012-03-27 14:54:13 UTC
305,1069,67,5,25041,packaged,2012-03-27 14:54:13 UTC,2012-03-27 14:54:13 UTC
306,1051,67,4,10556,shipped,2012-03-27 14:54:13 UTC,2012-03-27 14:54:13 UTC
307,2269,68,1,53765,packaged,2012-03-27 14:54:13 UTC,2012-03-27 14:54:13 UTC
308,2268,68,10,37578,packaged,2012-03-27 14:54:13 UTC,2012-03-27 14:54:13 UTC
309,2257,68,8,33574,shipped,2012-03-27 14:54:13 UTC,2012-03-27 14:54:13 UTC
310,2265,68,5,33935,packaged,2012-03-27 14:54:13 UTC,2012-03-27 14:54:13 UTC
311,389,69,10,47454,pending,2012-03-27 14:54:13 UTC,2012-03-27 14:54:13 UTC
312,375,69,6,98799,pending,2012-03-27 14:54:13 UTC,2012-03-27 14:54:13 UTC
313,406,69,10,21768,pending,2012-03-27 14:54:13 UTC,2012-03-27 14:54:13 UTC
314,382,69,9,4830,pending,2012-03-27 14:54:13 UTC,2012-03-27 14:54:13 UTC
315,396,69,4,8165,pending,2012-03-27 14:54:13 UTC,2012-03-27 14:54:13 UTC
316,382,69,2,4830,pending,2012-03-27 14:54:13 UTC,2012-03-27 14:54:13 UTC
317,406,69,3,21768,pending,2012-03-27 14:54:13 UTC,2012-03-27 14:54:13 UTC
318,418,70,4,61528,shipped,2012-03-27 14:54:13 UTC,2012-03-27 14:54:13 UTC
319,412,70,3,88334,shipped,2012-03-27 14:54:13 UTC,2012-03-27 14:54:13 UTC
320,422,70,2,31527,pending,2012-03-27 14:54:13 UTC,2012-03-27 14:54:13 UTC
321,846,71,9,70555,packaged,2012-03-27 14:54:13 UTC,2012-03-27 14:54:13 UTC
322,834,71,5,29886,packaged,2012-03-27 14:54:13 UTC,2012-03-27 14:54:13 UTC
323,846,71,5,70555,pending,2012-03-27 14:54:13 UTC,2012-03-27 14:54:13 UTC
324,827,71,5,21932,shipped,2012-03-27 14:54:13 UTC,2012-03-27 14:54:13 UTC
325,840,71,3,68348,shipped,2012-03-27 14:54:13 UTC,2012-03-27 14:54:13 UTC
326,827,71,1,21932,shipped,2012-03-27 14:54:13 UTC,2012-03-27 14:54:13 UTC
327,821,71,2,38471,packaged,2012-03-27 14:54:13 UTC,2012-03-27 14:54:13 UTC
328,825,71,1,13595,packaged,2012-03-27 14:54:13 UTC,2012-03-27 14:54:13 UTC
329,1392,72,8,10952,pending,2012-03-27 14:54:13 UTC,2012-03-27 14:54:13 UTC
330,1384,72,10,56466,packaged,2012-03-27 14:54:13 UTC,2012-03-27 14:54:13 UTC
331,1379,72,5,46171,packaged,2012-03-27 14:54:13 UTC,2012-03-27 14:54:13 UTC
332,1382,72,5,44992,packaged,2012-03-27 14:54:13 UTC,2012-03-27 14:54:13 UTC
333,1392,72,6,10952,packaged,2012-03-27 14:54:13 UTC,2012-03-27 14:54:13 UTC
334,1374,72,7,62617,shipped,2012-03-27 14:54:13 UTC,2012-03-27 14:54:13 UTC
335,1382,72,5,44992,shipped,2012-03-27 14:54:13 UTC,2012-03-27 14:54:13 UTC
336,1374,72,2,62617,pending,2012-03-27 14:54:13 UTC,2012-03-27 14:54:13 UTC
337,204,73,7,21739,shipped,2012-03-27 14:54:13 UTC,2012-03-27 14:54:13 UTC
338,203,73,9,99465,packaged,2012-03-27 14:54:13 UTC,2012-03-27 14:54:13 UTC
339,206,73,10,78612,packaged,2012-03-27 14:54:13 UTC,2012-03-27 14:54:13 UTC
340,203,73,10,99465,packaged,2012-03-27 14:54:13 UTC,2012-03-27 14:54:13 UTC
341,206,73,3,78612,shipped,2012-03-27 14:54:13 UTC,2012-03-27 14:54:13 UTC
342,206,73,5,78612,packaged,2012-03-27 14:54:13 UTC,2012-03-27 14:54:13 UTC
343,206,73,5,78612,shipped,2012-03-27 14:54:13 UTC,2012-03-27 14:54:13 UTC
344,2281,74,1,87909,pending,2012-03-27 14:54:13 UTC,2012-03-27 14:54:13 UTC
345,2287,74,5,70021,pending,2012-03-27 14:54:13 UTC,2012-03-27 14:54:13 UTC
346,2297,74,9,34434,pending,2012-03-27 14:54:13 UTC,2012-03-27 14:54:13 UTC
347,2280,74,8,18764,pending,2012-03-27 14:54:13 UTC,2012-03-27 14:54:13 UTC
348,2284,74,5,46910,pending,2012-03-27 14:54:13 UTC,2012-03-27 14:54:13 UTC
349,2298,74,10,31708,shipped,2012-03-27 14:54:13 UTC,2012-03-27 14:54:13 UTC
350,487,75,5,70708,pending,2012-03-27 14:54:13 UTC,2012-03-27 14:54:13 UTC
351,490,75,2,70681,packaged,2012-03-27 14:54:13 UTC,2012-03-27 14:54:13 UTC
352,498,75,2,14463,packaged,2012-03-27 14:54:13 UTC,2012-03-27 14:54:13 UTC
353,482,75,3,77194,packaged,2012-03-27 14:54:13 UTC,2012-03-27 14:54:13 UTC
354,487,75,7,70708,pending,2012-03-27 14:54:13 UTC,2012-03-27 14:54:13 UTC
355,495,75,4,12777,packaged,2012-03-27 14:54:13 UTC,2012-03-27 14:54:13 UTC
356,503,75,6,29771,shipped,2012-03-27 14:54:13 UTC,2012-03-27 14:54:13 UTC
357,512,75,8,37266,packaged,2012-03-27 14:54:13 UTC,2012-03-27 14:54:13 UTC
358,450,76,1,19142,packaged,2012-03-27 14:54:13 UTC,2012-03-27 14:54:13 UTC
359,46,77,6,39226,shipped,2012-03-27 14:54:13 UTC,2012-03-27 14:54:13 UTC
360,1264,78,5,70298,pending,2012-03-27 14:54:13 UTC,2012-03-27 14:54:13 UTC
361,1261,78,4,39733,packaged,2012-03-27 14:54:13 UTC,2012-03-27 14:54:13 UTC
362,1255,78,2,93495,packaged,2012-03-27 14:54:13 UTC,2012-03-27 14:54:13 UTC
363,1237,78,4,30520,pending,2012-03-27 14:54:13 UTC,2012-03-27 14:54:13 UTC
364,1263,78,7,46807,pending,2012-03-27 14:54:13 UTC,2012-03-27 14:54:13 UTC
365,1976,79,2,27923,shipped,2012-03-27 14:54:13 UTC,2012-03-27 14:54:13 UTC
366,1977,79,7,13832,shipped,2012-03-27 14:54:13 UTC,2012-03-27 14:54:13 UTC
367,1975,79,3,66046,packaged,2012-03-27 14:54:13 UTC,2012-03-27 14:54:13 UTC
368,1978,79,5,42491,packaged,2012-03-27 14:54:13 UTC,2012-03-27 14:54:13 UTC
369,1976,79,6,27923,packaged,2012-03-27 14:54:13 UTC,2012-03-27 14:54:13 UTC
370,1977,79,8,13832,shipped,2012-03-27 14:54:13 UTC,2012-03-27 14:54:13 UTC
371,1977,79,2,13832,pending,2012-03-27 14:54:13 UTC,2012-03-27 14:54:13 UTC
372,313,80,1,70891,pending,2012-03-27 14:54:13 UTC,2012-03-27 14:54:13 UTC
373,308,80,8,70146,shipped,2012-03-27 14:54:13 UTC,2012-03-27 14:54:13 UTC
374,307,80,6,42201,pending,2012-03-27 14:54:13 UTC,2012-03-27 14:54:13 UTC
375,1977,81,8,13832,shipped,2012-03-27 14:54:13 UTC,2012-03-27 14:54:13 UTC
376,1978,81,10,42491,pending,2012-03-27 14:54:13 UTC,2012-03-27 14:54:13 UTC
377,1464,82,7,35980,shipped,2012-03-27 14:54:13 UTC,2012-03-27 14:54:13 UTC
378,1449,82,4,30655,pending,2012-03-27 14:54:13 UTC,2012-03-27 14:54:13 UTC
379,1464,82,5,35980,shipped,2012-03-27 14:54:13 UTC,2012-03-27 14:54:13 UTC
380,1438,82,10,73981,pending,2012-03-27 14:54:13 UTC,2012-03-27 14:54:13 UTC
381,1460,82,9,49965,shipped,2012-03-27 14:54:13 UTC,2012-03-27 14:54:13 UTC
382,1444,82,4,20968,pending,2012-03-27 14:54:13 UTC,2012-03-27 14:54:13 UTC
383,674,83,1,99028,shipped,2012-03-27 14:54:13 UTC,2012-03-27 14:54:13 UTC
384,658,83,7,70995,packaged,2012-03-27 14:54:13 UTC,2012-03-27 14:54:13 UTC
385,656,83,3,24580,shipped,2012-03-27 14:54:13 UTC,2012-03-27 14:54:13 UTC
386,651,83,3,11696,pending,2012-03-27 14:54:13 UTC,2012-03-27 14:54:13 UTC
387,681,84,4,54535,packaged,2012-03-27 14:54:13 UTC,2012-03-27 14:54:13 UTC
388,679,84,1,30402,pending,2012-03-27 14:54:13 UTC,2012-03-27 14:54:13 UTC
389,682,84,2,5944,shipped,2012-03-27 14:54:13 UTC,2012-03-27 14:54:13 UTC
390,688,84,3,70376,shipped,2012-03-27 14:54:13 UTC,2012-03-27 14:54:13 UTC
391,218,85,9,46258,packaged,2012-03-27 14:54:13 UTC,2012-03-27 14:54:13 UTC
392,216,85,5,72042,shipped,2012-03-27 14:54:13 UTC,2012-03-27 14:54:13 UTC
393,71,86,2,2896,pending,2012-03-27 14:54:13 UTC,2012-03-27 14:54:13 UTC
394,56,86,9,53898,pending,2012-03-27 14:54:13 UTC,2012-03-27 14:54:13 UTC
395,71,86,1,2896,pending,2012-03-27 14:54:13 UTC,2012-03-27 14:54:13 UTC
396,57,86,1,41548,packaged,2012-03-27 14:54:13 UTC,2012-03-27 14:54:13 UTC
397,66,86,3,40482,shipped,2012-03-27 14:54:13 UTC,2012-03-27 14:54:13 UTC
398,65,86,3,96377,shipped,2012-03-27 14:54:13 UTC,2012-03-27 14:54:13 UTC
399,590,87,1,80827,pending,2012-03-27 14:54:13 UTC,2012-03-27 14:54:13 UTC
400,586,87,6,17304,packaged,2012-03-27 14:54:13 UTC,2012-03-27 14:54:13 UTC
401,586,87,6,17304,packaged,2012-03-27 14:54:13 UTC,2012-03-27 14:54:13 UTC
402,586,87,10,17304,packaged,2012-03-27 14:54:13 UTC,2012-03-27 14:54:13 UTC
403,201,88,2,77409,packaged,2012-03-27 14:54:14 UTC,2012-03-27 14:54:14 UTC
404,204,88,7,21739,packaged,2012-03-27 14:54:14 UTC,2012-03-27 14:54:14 UTC
405,206,88,10,78612,pending,2012-03-27 14:54:14 UTC,2012-03-27 14:54:14 UTC
406,204,88,8,21739,packaged,2012-03-27 14:54:14 UTC,2012-03-27 14:54:14 UTC
407,201,88,4,77409,shipped,2012-03-27 14:54:14 UTC,2012-03-27 14:54:14 UTC
408,2288,89,5,40440,shipped,2012-03-27 14:54:14 UTC,2012-03-27 14:54:14 UTC
409,2287,89,2,70021,pending,2012-03-27 14:54:14 UTC,2012-03-27 14:54:14 UTC
410,2291,89,9,27426,packaged,2012-03-27 14:54:14 UTC,2012-03-27 14:54:14 UTC
411,1641,90,2,88348,pending,2012-03-27 14:54:14 UTC,2012-03-27 14:54:14 UTC
412,1669,90,1,15879,packaged,2012-03-27 14:54:14 UTC,2012-03-27 14:54:14 UTC
413,1656,90,5,33431,shipped,2012-03-27 14:54:14 UTC,2012-03-27 14:54:14 UTC
414,1672,90,1,504,packaged,2012-03-27 14:54:14 UTC,2012-03-27 14:54:14 UTC
415,1661,90,3,58642,packaged,2012-03-27 14:54:14 UTC,2012-03-27 14:54:14 UTC
416,1670,90,3,70021,shipped,2012-03-27 14:54:14 UTC,2012-03-27 14:54:14 UTC
417,1645,90,10,25654,pending,2012-03-27 14:54:14 UTC,2012-03-27 14:54:14 UTC
418,497,91,8,95817,shipped,2012-03-27 14:54:14 UTC,2012-03-27 14:54:14 UTC
419,506,91,1,88215,packaged,2012-03-27 14:54:14 UTC,2012-03-27 14:54:14 UTC
420,484,91,10,47993,shipped,2012-03-27 14:54:14 UTC,2012-03-27 14:54:14 UTC
421,517,91,1,51084,shipped,2012-03-27 14:54:14 UTC,2012-03-27 14:54:14 UTC
422,632,92,9,88417,packaged,2012-03-27 14:54:14 UTC,2012-03-27 14:54:14 UTC
423,641,92,5,22941,pending,2012-03-27 14:54:14 UTC,2012-03-27 14:54:14 UTC
424,625,92,5,74784,packaged,2012-03-27 14:54:14 UTC,2012-03-27 14:54:14 UTC
425,625,92,4,74784,shipped,2012-03-27 14:54:14 UTC,2012-03-27 14:54:14 UTC
426,2133,93,4,51430,shipped,2012-03-27 14:54:14 UTC,2012-03-27 14:54:14 UTC
427,2172,93,8,51277,shipped,2012-03-27 14:54:14 UTC,2012-03-27 14:54:14 UTC
428,2134,93,8,65654,shipped,2012-03-27 14:54:14 UTC,2012-03-27 14:54:14 UTC
429,2134,93,10,65654,shipped,2012-03-27 14:54:14 UTC,2012-03-27 14:54:14 UTC
430,2170,93,3,33892,pending,2012-03-27 14:54:14 UTC,2012-03-27 14:54:14 UTC
431,2152,93,4,98718,packaged,2012-03-27 14:54:14 UTC,2012-03-27 14:54:14 UTC
432,2155,93,6,44420,packaged,2012-03-27 14:54:14 UTC,2012-03-27 14:54:14 UTC
433,955,94,5,8147,pending,2012-03-27 14:54:14 UTC,2012-03-27 14:54:14 UTC
434,963,94,5,30323,shipped,2012-03-27 14:54:14 UTC,2012-03-27 14:54:14 UTC
435,957,94,7,43667,packaged,2012-03-27 14:54:14 UTC,2012-03-27 14:54:14 UTC
436,961,94,6,82216,pending,2012-03-27 14:54:14 UTC,2012-03-27 14:54:14 UTC
437,954,94,1,47226,pending,2012-03-27 14:54:14 UTC,2012-03-27 14:54:14 UTC
438,953,94,5,31901,packaged,2012-03-27 14:54:14 UTC,2012-03-27 14:54:14 UTC
439,962,94,1,23346,pending,2012-03-27 14:54:14 UTC,2012-03-27 14:54:14 UTC
440,964,94,2,72268,packaged,2012-03-27 14:54:14 UTC,2012-03-27 14:54:14 UTC
441,638,95,4,3028,shipped,2012-03-27 14:54:14 UTC,2012-03-27 14:54:14 UTC
442,628,95,1,60110,pending,2012-03-27 14:54:14 UTC,2012-03-27 14:54:14 UTC
443,628,95,2,60110,pending,2012-03-27 14:54:14 UTC,2012-03-27 14:54:14 UTC
444,1013,96,2,98622,shipped,2012-03-27 14:54:14 UTC,2012-03-27 14:54:14 UTC
445,1007,96,5,69447,packaged,2012-03-27 14:54:14 UTC,2012-03-27 14:54:14 UTC
446,1012,96,1,31941,pending,2012-03-27 14:54:14 UTC,2012-03-27 14:54:14 UTC
447,1003,96,3,90833,packaged,2012-03-27 14:54:14 UTC,2012-03-27 14:54:14 UTC
448,1012,96,7,31941,pending,2012-03-27 14:54:14 UTC,2012-03-27 14:54:14 UTC
449,988,96,7,86488,pending,2012-03-27 14:54:14 UTC,2012-03-27 14:54:14 UTC
450,1003,96,8,90833,packaged,2012-03-27 14:54:14 UTC,2012-03-27 14:54:14 UTC
451,1006,96,4,91026,shipped,2012-03-27 14:54:14 UTC,2012-03-27 14:54:14 UTC
452,1952,97,7,57869,pending,2012-03-27 14:54:14 UTC,2012-03-27 14:54:14 UTC
453,1943,97,6,35717,pending,2012-03-27 14:54:14 UTC,2012-03-27 14:54:14 UTC
454,1936,97,3,43485,pending,2012-03-27 14:54:14 UTC,2012-03-27 14:54:14 UTC
455,1947,97,8,3094,pending,2012-03-27 14:54:14 UTC,2012-03-27 14:54:14 UTC
456,1967,97,6,86746,shipped,2012-03-27 14:54:14 UTC,2012-03-27 14:54:14 UTC
457,544,98,2,32759,packaged,2012-03-27 14:54:14 UTC,2012-03-27 14:54:14 UTC
458,545,98,9,72968,shipped,2012-03-27 14:54:14 UTC,2012-03-27 14:54:14 UTC
459,542,98,7,15420,shipped,2012-03-27 14:54:14 UTC,2012-03-27 14:54:14 UTC
460,1792,99,2,22489,pending,2012-03-27 14:54:14 UTC,2012-03-27 14:54:14 UTC
461,1782,99,7,23208,shipped,2012-03-27 14:54:14 UTC,2012-03-27 14:54:14 UTC
462,1789,99,6,90003,pending,2012-03-27 14:54:14 UTC,2012-03-27 14:54:14 UTC
463,1780,99,5,53605,packaged,2012-03-27 14:54:14 UTC,2012-03-27 14:54:14 UTC
464,1790,99,6,68074,packaged,2012-03-27 14:54:14 UTC,2012-03-27 14:54:14 UTC
465,1809,99,9,35226,pending,2012-03-27 14:54:14 UTC,2012-03-27 14:54:14 UTC
466,1783,99,7,61013,shipped,2012-03-27 14:54:14 UTC,2012-03-27 14:54:14 UTC
467,1789,99,5,90003,pending,2012-03-27 14:54:14 UTC,2012-03-27 14:54:14 UTC
468,1579,100,7,96517,packaged,2012-03-27 14:54:14 UTC,2012-03-27 14:54:14 UTC
469,1588,100,6,79478,packaged,2012-03-27 14:54:14 UTC,2012-03-27 14:54:14 UTC
470,1563,100,4,84610,shipped,2012-03-27 14:54:14 UTC,2012-03-27 14:54:14 UTC
471,2388,101,10,57606,shipped,2012-03-27 14:54:14 UTC,2012-03-27 14:54:14 UTC
472,2371,101,9,90367,shipped,2012-03-27 14:54:14 UTC,2012-03-27 14:54:14 UTC
473,2380,101,8,97907,pending,2012-03-27 14:54:14 UTC,2012-03-27 14:54:14 UTC
474,2377,101,4,62912,packaged,2012-03-27 14:54:14 UTC,2012-03-27 14:54:14 UTC
475,227,102,10,85319,pending,2012-03-27 14:54:14 UTC,2012-03-27 14:54:14 UTC
476,227,102,6,85319,pending,2012-03-27 14:54:14 UTC,2012-03-27 14:54:14 UTC
477,227,102,9,85319,pending,2012-03-27 14:54:14 UTC,2012-03-27 14:54:14 UTC
478,227,102,7,85319,packaged,2012-03-27 14:54:14 UTC,2012-03-27 14:54:14 UTC
479,227,102,2,85319,packaged,2012-03-27 14:54:14 UTC,2012-03-27 14:54:14 UTC
480,1258,103,7,96108,shipped,2012-03-27 14:54:14 UTC,2012-03-27 14:54:14 UTC
481,1256,103,5,52424,pending,2012-03-27 14:54:14 UTC,2012-03-27 14:54:14 UTC
482,1260,103,10,47315,packaged,2012-03-27 14:54:14 UTC,2012-03-27 14:54:14 UTC
483,1276,103,9,28112,shipped,2012-03-27 14:54:14 UTC,2012-03-27 14:54:14 UTC
484,1257,103,6,71973,packaged,2012-03-27 14:54:14 UTC,2012-03-27 14:54:14 UTC
485,1267,103,4,72655,shipped,2012-03-27 14:54:14 UTC,2012-03-27 14:54:14 UTC
486,584,104,8,86112,shipped,2012-03-27 14:54:14 UTC,2012-03-27 14:54:14 UTC
487,583,104,1,30410,packaged,2012-03-27 14:54:14 UTC,2012-03-27 14:54:14 UTC
488,590,104,9,80827,pending,2012-03-27 14:54:14 UTC,2012-03-27 14:54:14 UTC
489,589,104,3,84793,shipped,2012-03-27 14:54:14 UTC,2012-03-27 14:54:14 UTC
490,583,104,5,30410,pending,2012-03-27 14:54:14 UTC,2012-03-27 14:54:14 UTC
491,583,104,3,30410,shipped,2012-03-27 14:54:14 UTC,2012-03-27 14:54:14 UTC
492,584,104,7,86112,packaged,2012-03-27 14:54:15 UTC,2012-03-27 14:54:15 UTC
493,587,104,3,5003,pending,2012-03-27 14:54:15 UTC,2012-03-27 14:54:15 UTC
494,1347,105,3,7272,pending,2012-03-27 14:54:15 UTC,2012-03-27 14:54:15 UTC
495,1355,105,8,62014,packaged,2012-03-27 14:54:15 UTC,2012-03-27 14:54:15 UTC
496,1362,105,8,81510,shipped,2012-03-27 14:54:15 UTC,2012-03-27 14:54:15 UTC
497,1359,105,5,69266,shipped,2012-03-27 14:54:15 UTC,2012-03-27 14:54:15 UTC
498,1347,105,6,7272,pending,2012-03-27 14:54:15 UTC,2012-03-27 14:54:15 UTC
499,2375,106,8,13595,pending,2012-03-27 14:54:15 UTC,2012-03-27 14:54:15 UTC
500,2392,106,1,54866,pending,2012-03-27 14:54:15 UTC,2012-03-27 14:54:15 UTC
501,2376,106,8,48491,packaged,2012-03-27 14:54:15 UTC,2012-03-27 14:54:15 UTC
502,2391,106,5,68007,shipped,2012-03-27 14:54:15 UTC,2012-03-27 14:54:15 UTC
503,2389,106,4,88778,pending,2012-03-27 14:54:15 UTC,2012-03-27 14:54:15 UTC
504,2388,106,1,57606,packaged,2012-03-27 14:54:15 UTC,2012-03-27 14:54:15 UTC
505,2373,106,4,58780,packaged,2012-03-27 14:54:15 UTC,2012-03-27 14:54:15 UTC
506,2174,107,2,78808,pending,2012-03-27 14:54:15 UTC,2012-03-27 14:54:15 UTC
507,1576,108,3,59792,pending,2012-03-27 14:54:15 UTC,2012-03-27 14:54:15 UTC
508,1591,108,10,44543,shipped,2012-03-27 14:54:15 UTC,2012-03-27 14:54:15 UTC
509,1560,108,5,85473,pending,2012-03-27 14:54:15 UTC,2012-03-27 14:54:15 UTC
510,1588,108,5,79478,packaged,2012-03-27 14:54:15 UTC,2012-03-27 14:54:15 UTC
511,1570,108,1,81260,packaged,2012-03-27 14:54:15 UTC,2012-03-27 14:54:15 UTC
512,1579,108,3,96517,packaged,2012-03-27 14:54:15 UTC,2012-03-27 14:54:15 UTC
513,2322,109,1,37852,shipped,2012-03-27 14:54:15 UTC,2012-03-27 14:54:15 UTC
514,2324,109,6,30485,shipped,2012-03-27 14:54:15 UTC,2012-03-27 14:54:15 UTC
515,2312,109,6,46479,shipped,2012-03-27 14:54:15 UTC,2012-03-27 14:54:15 UTC
516,2307,109,4,58056,pending,2012-03-27 14:54:15 UTC,2012-03-27 14:54:15 UTC
517,2320,109,3,32862,pending,2012-03-27 14:54:15 UTC,2012-03-27 14:54:15 UTC
518,2306,109,1,81595,pending,2012-03-27 14:54:15 UTC,2012-03-27 14:54:15 UTC
519,2321,109,9,88102,shipped,2012-03-27 14:54:15 UTC,2012-03-27 14:54:15 UTC
520,2303,109,2,53732,packaged,2012-03-27 14:54:15 UTC,2012-03-27 14:54:15 UTC
521,991,110,1,31231,pending,2012-03-27 14:54:15 UTC,2012-03-27 14:54:15 UTC
522,1735,111,4,71509,pending,2012-03-27 14:54:15 UTC,2012-03-27 14:54:15 UTC
523,1762,111,8,32827,packaged,2012-03-27 14:54:15 UTC,2012-03-27 14:54:15 UTC
524,1773,111,3,61506,shipped,2012-03-27 14:54:15 UTC,2012-03-27 14:54:15 UTC
525,1764,111,10,24746,pending,2012-03-27 14:54:15 UTC,2012-03-27 14:54:15 UTC
526,1764,111,5,24746,shipped,2012-03-27 14:54:15 UTC,2012-03-27 14:54:15 UTC
527,1728,112,10,97561,shipped,2012-03-27 14:54:15 UTC,2012-03-27 14:54:15 UTC
528,1727,112,8,3356,pending,2012-03-27 14:54:15 UTC,2012-03-27 14:54:15 UTC
529,1721,112,4,49805,pending,2012-03-27 14:54:15 UTC,2012-03-27 14:54:15 UTC
530,1726,112,8,34791,packaged,2012-03-27 14:54:15 UTC,2012-03-27 14:54:15 UTC
531,1723,112,4,36896,pending,2012-03-27 14:54:15 UTC,2012-03-27 14:54:15 UTC
532,1724,112,7,23806,pending,2012-03-27 14:54:15 UTC,2012-03-27 14:54:15 UTC
533,300,113,4,59976,pending,2012-03-27 14:54:15 UTC,2012-03-27 14:54:15 UTC
534,305,113,10,49203,pending,2012-03-27 14:54:15 UTC,2012-03-27 14:54:15 UTC
535,981,114,1,2126,packaged,2012-03-27 14:54:15 UTC,2012-03-27 14:54:15 UTC
536,970,114,6,97851,pending,2012-03-27 14:54:15 UTC,2012-03-27 14:54:15 UTC
537,971,114,2,74263,pending,2012-03-27 14:54:15 UTC,2012-03-27 14:54:15 UTC
538,979,114,5,74925,pending,2012-03-27 14:54:15 UTC,2012-03-27 14:54:15 UTC
539,970,114,7,97851,pending,2012-03-27 14:54:15 UTC,2012-03-27 14:54:15 UTC
540,978,114,8,45253,shipped,2012-03-27 14:54:15 UTC,2012-03-27 14:54:15 UTC
541,2103,115,4,36796,shipped,2012-03-27 14:54:15 UTC,2012-03-27 14:54:15 UTC
542,2105,115,4,65699,shipped,2012-03-27 14:54:15 UTC,2012-03-27 14:54:15 UTC
543,2107,115,10,27918,shipped,2012-03-27 14:54:15 UTC,2012-03-27 14:54:15 UTC
544,2122,115,5,29699,packaged,2012-03-27 14:54:15 UTC,2012-03-27 14:54:15 UTC
545,1962,116,9,46227,pending,2012-03-27 14:54:15 UTC,2012-03-27 14:54:15 UTC
546,1939,116,2,44245,packaged,2012-03-27 14:54:15 UTC,2012-03-27 14:54:15 UTC
547,2029,117,6,82413,shipped,2012-03-27 14:54:15 UTC,2012-03-27 14:54:15 UTC
548,2039,117,6,75637,pending,2012-03-27 14:54:15 UTC,2012-03-27 14:54:15 UTC
549,2036,117,8,28444,packaged,2012-03-27 14:54:15 UTC,2012-03-27 14:54:15 UTC
550,2032,117,7,45339,pending,2012-03-27 14:54:15 UTC,2012-03-27 14:54:15 UTC
551,2029,117,5,82413,packaged,2012-03-27 14:54:15 UTC,2012-03-27 14:54:15 UTC
552,2041,117,10,92302,shipped,2012-03-27 14:54:15 UTC,2012-03-27 14:54:15 UTC
553,1609,118,5,55709,shipped,2012-03-27 14:54:15 UTC,2012-03-27 14:54:15 UTC
554,1605,118,3,67265,pending,2012-03-27 14:54:15 UTC,2012-03-27 14:54:15 UTC
555,1634,118,5,20047,pending,2012-03-27 14:54:15 UTC,2012-03-27 14:54:15 UTC
556,1603,118,2,41322,pending,2012-03-27 14:54:15 UTC,2012-03-27 14:54:15 UTC
557,1622,118,6,42770,packaged,2012-03-27 14:54:15 UTC,2012-03-27 14:54:15 UTC
558,1619,118,4,89598,shipped,2012-03-27 14:54:15 UTC,2012-03-27 14:54:15 UTC
559,2278,119,8,74900,packaged,2012-03-27 14:54:15 UTC,2012-03-27 14:54:15 UTC
560,2278,119,2,74900,packaged,2012-03-27 14:54:15 UTC,2012-03-27 14:54:15 UTC
561,2279,119,10,41735,packaged,2012-03-27 14:54:15 UTC,2012-03-27 14:54:15 UTC
562,2275,119,2,97153,shipped,2012-03-27 14:54:15 UTC,2012-03-27 14:54:15 UTC
563,2279,119,9,41735,shipped,2012-03-27 14:54:15 UTC,2012-03-27 14:54:15 UTC
564,2276,119,6,56253,pending,2012-03-27 14:54:15 UTC,2012-03-27 14:54:15 UTC
565,2278,119,2,74900,packaged,2012-03-27 14:54:15 UTC,2012-03-27 14:54:15 UTC
566,190,120,7,1159,packaged,2012-03-27 14:54:15 UTC,2012-03-27 14:54:15 UTC
567,189,120,2,73258,packaged,2012-03-27 14:54:15 UTC,2012-03-27 14:54:15 UTC
568,187,120,1,47310,packaged,2012-03-27 14:54:15 UTC,2012-03-27 14:54:15 UTC
569,177,120,7,40439,shipped,2012-03-27 14:54:15 UTC,2012-03-27 14:54:15 UTC
570,183,120,8,57403,packaged,2012-03-27 14:54:15 UTC,2012-03-27 14:54:15 UTC
571,194,120,6,70506,shipped,2012-03-27 14:54:15 UTC,2012-03-27 14:54:15 UTC
572,195,120,5,54969,pending,2012-03-27 14:54:15 UTC,2012-03-27 14:54:15 UTC
573,50,121,6,89333,pending,2012-03-27 14:54:15 UTC,2012-03-27 14:54:15 UTC
574,23,121,5,54074,shipped,2012-03-27 14:54:15 UTC,2012-03-27 14:54:15 UTC
575,34,121,1,36730,pending,2012-03-27 14:54:15 UTC,2012-03-27 14:54:15 UTC
576,41,121,1,57689,shipped,2012-03-27 14:54:16 UTC,2012-03-27 14:54:16 UTC
577,53,121,6,71198,shipped,2012-03-27 14:54:16 UTC,2012-03-27 14:54:16 UTC
578,1446,122,1,6312,packaged,2012-03-27 14:54:16 UTC,2012-03-27 14:54:16 UTC
579,1440,122,7,16971,shipped,2012-03-27 14:54:16 UTC,2012-03-27 14:54:16 UTC
580,1426,122,4,68175,shipped,2012-03-27 14:54:16 UTC,2012-03-27 14:54:16 UTC
581,1424,122,10,10116,packaged,2012-03-27 14:54:16 UTC,2012-03-27 14:54:16 UTC
582,1452,122,2,18987,pending,2012-03-27 14:54:16 UTC,2012-03-27 14:54:16 UTC
583,1456,122,4,94592,pending,2012-03-27 14:54:16 UTC,2012-03-27 14:54:16 UTC
584,1430,122,1,19913,pending,2012-03-27 14:54:16 UTC,2012-03-27 14:54:16 UTC
585,1424,122,2,10116,pending,2012-03-27 14:54:16 UTC,2012-03-27 14:54:16 UTC
586,2314,123,1,51420,pending,2012-03-27 14:54:16 UTC,2012-03-27 14:54:16 UTC
587,2319,123,8,87804,shipped,2012-03-27 14:54:16 UTC,2012-03-27 14:54:16 UTC
588,2309,123,3,43781,pending,2012-03-27 14:54:16 UTC,2012-03-27 14:54:16 UTC
589,2319,123,3,87804,shipped,2012-03-27 14:54:16 UTC,2012-03-27 14:54:16 UTC
590,2311,123,10,41558,shipped,2012-03-27 14:54:16 UTC,2012-03-27 14:54:16 UTC
591,1271,124,9,89042,shipped,2012-03-27 14:54:16 UTC,2012-03-27 14:54:16 UTC
592,1339,125,5,19657,pending,2012-03-27 14:54:16 UTC,2012-03-27 14:54:16 UTC
593,1343,125,4,91663,pending,2012-03-27 14:54:16 UTC,2012-03-27 14:54:16 UTC
594,1336,125,10,52640,shipped,2012-03-27 14:54:16 UTC,2012-03-27 14:54:16 UTC
595,1370,125,8,25117,shipped,2012-03-27 14:54:16 UTC,2012-03-27 14:54:16 UTC
596,1336,125,6,52640,packaged,2012-03-27 14:54:16 UTC,2012-03-27 14:54:16 UTC
597,1358,125,4,61947,packaged,2012-03-27 14:54:16 UTC,2012-03-27 14:54:16 UTC
598,1363,125,7,22678,pending,2012-03-27 14:54:16 UTC,2012-03-27 14:54:16 UTC
599,612,126,8,4829,pending,2012-03-27 14:54:16 UTC,2012-03-27 14:54:16 UTC
600,616,126,10,75665,pending,2012-03-27 14:54:16 UTC,2012-03-27 14:54:16 UTC
601,600,126,8,4779,packaged,2012-03-27 14:54:16 UTC,2012-03-27 14:54:16 UTC
602,615,126,3,33157,pending,2012-03-27 14:54:16 UTC,2012-03-27 14:54:16 UTC
603,609,126,8,70680,shipped,2012-03-27 14:54:16 UTC,2012-03-27 14:54:16 UTC
604,615,126,7,33157,pending,2012-03-27 14:54:16 UTC,2012-03-27 14:54:16 UTC
605,600,126,4,4779,pending,2012-03-27 14:54:16 UTC,2012-03-27 14:54:16 UTC
606,1397,127,6,99188,pending,2012-03-27 14:54:16 UTC,2012-03-27 14:54:16 UTC
607,1398,127,4,76797,packaged,2012-03-27 14:54:16 UTC,2012-03-27 14:54:16 UTC
608,1527,128,6,38747,shipped,2012-03-27 14:54:16 UTC,2012-03-27 14:54:16 UTC
609,1550,128,10,32210,packaged,2012-03-27 14:54:16 UTC,2012-03-27 14:54:16 UTC
610,1550,128,3,32210,packaged,2012-03-27 14:54:16 UTC,2012-03-27 14:54:16 UTC
611,625,129,1,74784,packaged,2012-03-27 14:54:16 UTC,2012-03-27 14:54:16 UTC
612,635,129,7,37022,shipped,2012-03-27 14:54:16 UTC,2012-03-27 14:54:16 UTC
613,633,129,8,72707,packaged,2012-03-27 14:54:16 UTC,2012-03-27 14:54:16 UTC
614,1321,130,4,58339,packaged,2012-03-27 14:54:16 UTC,2012-03-27 14:54:16 UTC
615,1286,130,2,40897,packaged,2012-03-27 14:54:16 UTC,2012-03-27 14:54:16 UTC
616,1326,130,10,85707,shipped,2012-03-27 14:54:16 UTC,2012-03-27 14:54:16 UTC
617,1298,130,10,20442,shipped,2012-03-27 14:54:16 UTC,2012-03-27 14:54:16 UTC
618,1304,130,1,72361,packaged,2012-03-27 14:54:16 UTC,2012-03-27 14:54:16 UTC
619,1298,130,4,20442,packaged,2012-03-27 14:54:16 UTC,2012-03-27 14:54:16 UTC
620,1322,130,5,10740,pending,2012-03-27 14:54:16 UTC,2012-03-27 14:54:16 UTC
621,1290,130,9,30157,pending,2012-03-27 14:54:16 UTC,2012-03-27 14:54:16 UTC
622,878,131,3,69605,pending,2012-03-27 14:54:16 UTC,2012-03-27 14:54:16 UTC
623,881,131,3,43842,shipped,2012-03-27 14:54:16 UTC,2012-03-27 14:54:16 UTC
624,1720,132,9,93519,pending,2012-03-27 14:54:16 UTC,2012-03-27 14:54:16 UTC
625,1729,132,1,58542,packaged,2012-03-27 14:54:16 UTC,2012-03-27 14:54:16 UTC
626,1719,132,9,3160,packaged,2012-03-27 14:54:16 UTC,2012-03-27 14:54:16 UTC
627,1730,132,1,12643,pending,2012-03-27 14:54:16 UTC,2012-03-27 14:54:16 UTC
628,1719,132,8,3160,pending,2012-03-27 14:54:16 UTC,2012-03-27 14:54:16 UTC
629,925,133,6,38716,pending,2012-03-27 14:54:16 UTC,2012-03-27 14:54:16 UTC
630,923,133,1,36841,pending,2012-03-27 14:54:16 UTC,2012-03-27 14:54:16 UTC
631,929,133,6,28270,shipped,2012-03-27 14:54:16 UTC,2012-03-27 14:54:16 UTC
632,938,133,6,57632,packaged,2012-03-27 14:54:16 UTC,2012-03-27 14:54:16 UTC
633,923,133,4,36841,shipped,2012-03-27 14:54:16 UTC,2012-03-27 14:54:16 UTC
634,1103,134,5,96380,pending,2012-03-27 14:54:16 UTC,2012-03-27 14:54:16 UTC
635,1105,134,1,69658,packaged,2012-03-27 14:54:16 UTC,2012-03-27 14:54:16 UTC
636,1105,134,5,69658,packaged,2012-03-27 14:54:16 UTC,2012-03-27 14:54:16 UTC
637,1104,134,6,39762,shipped,2012-03-27 14:54:16 UTC,2012-03-27 14:54:16 UTC
638,2466,135,5,92495,pending,2012-03-27 14:54:16 UTC,2012-03-27 14:54:16 UTC
639,2478,135,9,70767,packaged,2012-03-27 14:54:16 UTC,2012-03-27 14:54:16 UTC
640,541,136,10,52100,pending,2012-03-27 14:54:16 UTC,2012-03-27 14:54:16 UTC
641,534,136,10,76941,pending,2012-03-27 14:54:16 UTC,2012-03-27 14:54:16 UTC
642,537,136,2,61599,pending,2012-03-27 14:54:16 UTC,2012-03-27 14:54:16 UTC
643,538,136,7,94935,shipped,2012-03-27 14:54:16 UTC,2012-03-27 14:54:16 UTC
644,10,137,10,34018,pending,2012-03-27 14:54:16 UTC,2012-03-27 14:54:16 UTC
645,1,137,7,75107,shipped,2012-03-27 14:54:16 UTC,2012-03-27 14:54:16 UTC
646,12,137,4,39515,packaged,2012-03-27 14:54:16 UTC,2012-03-27 14:54:16 UTC
647,1,137,7,75107,shipped,2012-03-27 14:54:16 UTC,2012-03-27 14:54:16 UTC
648,267,138,2,71418,pending,2012-03-27 14:54:16 UTC,2012-03-27 14:54:16 UTC
649,259,139,8,43408,packaged,2012-03-27 14:54:16 UTC,2012-03-27 14:54:16 UTC
650,274,139,7,16778,pending,2012-03-27 14:54:16 UTC,2012-03-27 14:54:16 UTC
651,1224,140,3,95715,pending,2012-03-27 14:54:16 UTC,2012-03-27 14:54:16 UTC
652,1223,140,8,21916,pending,2012-03-27 14:54:16 UTC,2012-03-27 14:54:16 UTC
653,498,141,9,14463,pending,2012-03-27 14:54:16 UTC,2012-03-27 14:54:16 UTC
654,652,142,3,64546,shipped,2012-03-27 14:54:17 UTC,2012-03-27 14:54:17 UTC
655,678,142,8,83368,shipped,2012-03-27 14:54:17 UTC,2012-03-27 14:54:17 UTC
656,655,142,9,13793,packaged,2012-03-27 14:54:17 UTC,2012-03-27 14:54:17 UTC
657,644,142,5,51226,packaged,2012-03-27 14:54:17 UTC,2012-03-27 14:54:17 UTC
658,673,142,10,76969,packaged,2012-03-27 14:54:17 UTC,2012-03-27 14:54:17 UTC
659,671,142,2,1733,shipped,2012-03-27 14:54:17 UTC,2012-03-27 14:54:17 UTC
660,587,143,9,5003,pending,2012-03-27 14:54:17 UTC,2012-03-27 14:54:17 UTC
661,585,143,7,65382,pending,2012-03-27 14:54:17 UTC,2012-03-27 14:54:17 UTC
662,588,143,3,31650,shipped,2012-03-27 14:54:17 UTC,2012-03-27 14:54:17 UTC
663,584,143,7,86112,packaged,2012-03-27 14:54:17 UTC,2012-03-27 14:54:17 UTC
664,584,143,9,86112,shipped,2012-03-27 14:54:17 UTC,2012-03-27 14:54:17 UTC
665,584,143,1,86112,pending,2012-03-27 14:54:17 UTC,2012-03-27 14:54:17 UTC
666,586,143,2,17304,shipped,2012-03-27 14:54:17 UTC,2012-03-27 14:54:17 UTC
667,583,143,5,30410,packaged,2012-03-27 14:54:17 UTC,2012-03-27 14:54:17 UTC
668,118,144,7,62090,packaged,2012-03-27 14:54:17 UTC,2012-03-27 14:54:17 UTC
669,114,144,10,60346,shipped,2012-03-27 14:54:17 UTC,2012-03-27 14:54:17 UTC
670,122,144,10,43170,packaged,2012-03-27 14:54:17 UTC,2012-03-27 14:54:17 UTC
671,1975,145,3,66046,shipped,2012-03-27 14:54:17 UTC,2012-03-27 14:54:17 UTC
672,1978,145,6,42491,shipped,2012-03-27 14:54:17 UTC,2012-03-27 14:54:17 UTC
673,1978,145,8,42491,pending,2012-03-27 14:54:17 UTC,2012-03-27 14:54:17 UTC
674,1976,145,1,27923,shipped,2012-03-27 14:54:17 UTC,2012-03-27 14:54:17 UTC
675,1978,145,8,42491,shipped,2012-03-27 14:54:17 UTC,2012-03-27 14:54:17 UTC
676,1976,145,10,27923,pending,2012-03-27 14:54:17 UTC,2012-03-27 14:54:17 UTC
677,1978,145,4,42491,packaged,2012-03-27 14:54:17 UTC,2012-03-27 14:54:17 UTC
678,1897,146,10,31325,pending,2012-03-27 14:54:17 UTC,2012-03-27 14:54:17 UTC
679,1889,146,7,8752,shipped,2012-03-27 14:54:17 UTC,2012-03-27 14:54:17 UTC
680,1888,146,2,47424,pending,2012-03-27 14:54:17 UTC,2012-03-27 14:54:17 UTC
681,1890,146,3,41808,shipped,2012-03-27 14:54:17 UTC,2012-03-27 14:54:17 UTC
682,1892,146,4,49836,packaged,2012-03-27 14:54:17 UTC,2012-03-27 14:54:17 UTC
683,1916,146,5,94106,shipped,2012-03-27 14:54:17 UTC,2012-03-27 14:54:17 UTC
684,965,147,1,87768,pending,2012-03-27 14:54:17 UTC,2012-03-27 14:54:17 UTC
685,957,147,6,43667,packaged,2012-03-27 14:54:17 UTC,2012-03-27 14:54:17 UTC
686,961,147,5,82216,shipped,2012-03-27 14:54:17 UTC,2012-03-27 14:54:17 UTC
687,967,147,3,62062,shipped,2012-03-27 14:54:17 UTC,2012-03-27 14:54:17 UTC
688,124,148,4,51821,pending,2012-03-27 14:54:17 UTC,2012-03-27 14:54:17 UTC
689,114,148,6,60346,pending,2012-03-27 14:54:17 UTC,2012-03-27 14:54:17 UTC
690,125,148,3,65265,packaged,2012-03-27 14:54:17 UTC,2012-03-27 14:54:17 UTC
691,1125,149,7,93592,shipped,2012-03-27 14:54:17 UTC,2012-03-27 14:54:17 UTC
692,1121,149,10,95357,packaged,2012-03-27 14:54:17 UTC,2012-03-27 14:54:17 UTC
693,1132,149,8,21446,pending,2012-03-27 14:54:17 UTC,2012-03-27 14:54:17 UTC
694,1132,149,6,21446,shipped,2012-03-27 14:54:17 UTC,2012-03-27 14:54:17 UTC
695,1128,149,10,48574,packaged,2012-03-27 14:54:17 UTC,2012-03-27 14:54:17 UTC
696,1127,149,5,70048,packaged,2012-03-27 14:54:17 UTC,2012-03-27 14:54:17 UTC
697,1160,150,9,31026,pending,2012-03-27 14:54:17 UTC,2012-03-27 14:54:17 UTC
698,2254,151,1,86697,shipped,2012-03-27 14:54:17 UTC,2012-03-27 14:54:17 UTC
699,2271,151,10,15899,shipped,2012-03-27 14:54:17 UTC,2012-03-27 14:54:17 UTC
700,2249,151,10,82457,shipped,2012-03-27 14:54:17 UTC,2012-03-27 14:54:17 UTC
701,2256,151,7,39219,shipped,2012-03-27 14:54:17 UTC,2012-03-27 14:54:17 UTC
702,2254,151,7,86697,shipped,2012-03-27 14:54:17 UTC,2012-03-27 14:54:17 UTC
703,2251,151,3,11806,pending,2012-03-27 14:54:17 UTC,2012-03-27 14:54:17 UTC
704,2272,151,3,58945,shipped,2012-03-27 14:54:17 UTC,2012-03-27 14:54:17 UTC
705,2268,151,5,37578,pending,2012-03-27 14:54:17 UTC,2012-03-27 14:54:17 UTC
706,122,152,4,43170,pending,2012-03-27 14:54:17 UTC,2012-03-27 14:54:17 UTC
707,107,152,9,84552,pending,2012-03-27 14:54:17 UTC,2012-03-27 14:54:17 UTC
708,124,152,8,51821,pending,2012-03-27 14:54:17 UTC,2012-03-27 14:54:17 UTC
709,121,152,5,56608,pending,2012-03-27 14:54:17 UTC,2012-03-27 14:54:17 UTC
710,1007,153,1,69447,pending,2012-03-27 14:54:17 UTC,2012-03-27 14:54:17 UTC
711,1008,153,1,72172,shipped,2012-03-27 14:54:17 UTC,2012-03-27 14:54:17 UTC
712,1001,153,4,23198,packaged,2012-03-27 14:54:17 UTC,2012-03-27 14:54:17 UTC
713,989,153,8,51095,shipped,2012-03-27 14:54:17 UTC,2012-03-27 14:54:17 UTC
714,994,153,8,29598,shipped,2012-03-27 14:54:17 UTC,2012-03-27 14:54:17 UTC
715,2460,154,4,58057,pending,2012-03-27 14:54:17 UTC,2012-03-27 14:54:17 UTC
716,15,155,5,42629,packaged,2012-03-27 14:54:17 UTC,2012-03-27 14:54:17 UTC
717,13,155,9,59454,pending,2012-03-27 14:54:17 UTC,2012-03-27 14:54:17 UTC
718,13,155,3,59454,shipped,2012-03-27 14:54:17 UTC,2012-03-27 14:54:17 UTC
719,5,155,1,68723,packaged,2012-03-27 14:54:17 UTC,2012-03-27 14:54:17 UTC
720,1188,156,1,53104,shipped,2012-03-27 14:54:17 UTC,2012-03-27 14:54:17 UTC
721,1194,156,8,67830,pending,2012-03-27 14:54:17 UTC,2012-03-27 14:54:17 UTC
722,1220,156,8,15460,shipped,2012-03-27 14:54:17 UTC,2012-03-27 14:54:17 UTC
723,1194,156,2,67830,shipped,2012-03-27 14:54:17 UTC,2012-03-27 14:54:17 UTC
724,1190,156,3,91251,shipped,2012-03-27 14:54:17 UTC,2012-03-27 14:54:17 UTC
725,1028,157,8,69521,pending,2012-03-27 14:54:17 UTC,2012-03-27 14:54:17 UTC
726,1015,157,1,91650,packaged,2012-03-27 14:54:17 UTC,2012-03-27 14:54:17 UTC
727,1019,157,4,22532,shipped,2012-03-27 14:54:17 UTC,2012-03-27 14:54:17 UTC
728,1026,157,9,16472,packaged,2012-03-27 14:54:17 UTC,2012-03-27 14:54:17 UTC
729,1034,157,2,44870,packaged,2012-03-27 14:54:17 UTC,2012-03-27 14:54:17 UTC
730,2011,158,1,25510,pending,2012-03-27 14:54:17 UTC,2012-03-27 14:54:17 UTC
731,1999,158,3,82253,shipped,2012-03-27 14:54:17 UTC,2012-03-27 14:54:17 UTC
732,2018,158,6,43363,shipped,2012-03-27 14:54:17 UTC,2012-03-27 14:54:17 UTC
733,2004,158,9,79843,packaged,2012-03-27 14:54:17 UTC,2012-03-27 14:54:17 UTC
734,849,159,7,35772,pending,2012-03-27 14:54:17 UTC,2012-03-27 14:54:17 UTC
735,847,159,1,70783,shipped,2012-03-27 14:54:17 UTC,2012-03-27 14:54:17 UTC
736,1224,160,1,95715,packaged,2012-03-27 14:54:17 UTC,2012-03-27 14:54:17 UTC
737,1224,160,8,95715,shipped,2012-03-27 14:54:17 UTC,2012-03-27 14:54:17 UTC
738,205,161,8,98947,shipped,2012-03-27 14:54:17 UTC,2012-03-27 14:54:17 UTC
739,203,161,7,99465,shipped,2012-03-27 14:54:17 UTC,2012-03-27 14:54:17 UTC
740,206,161,9,78612,packaged,2012-03-27 14:54:17 UTC,2012-03-27 14:54:17 UTC
741,206,161,3,78612,shipped,2012-03-27 14:54:17 UTC,2012-03-27 14:54:17 UTC
742,206,161,2,78612,shipped,2012-03-27 14:54:17 UTC,2012-03-27 14:54:17 UTC
743,205,161,7,98947,packaged,2012-03-27 14:54:17 UTC,2012-03-27 14:54:17 UTC
744,207,162,9,32427,pending,2012-03-27 14:54:17 UTC,2012-03-27 14:54:17 UTC
745,207,162,2,32427,pending,2012-03-27 14:54:17 UTC,2012-03-27 14:54:17 UTC
746,209,162,4,23092,shipped,2012-03-27 14:54:17 UTC,2012-03-27 14:54:17 UTC
747,1387,163,8,3944,packaged,2012-03-27 14:54:17 UTC,2012-03-27 14:54:17 UTC
748,1394,163,3,87080,pending,2012-03-27 14:54:17 UTC,2012-03-27 14:54:17 UTC
749,1383,163,5,73003,shipped,2012-03-27 14:54:18 UTC,2012-03-27 14:54:18 UTC
750,1385,163,1,18006,pending,2012-03-27 14:54:18 UTC,2012-03-27 14:54:18 UTC
751,1376,163,8,55526,pending,2012-03-27 14:54:18 UTC,2012-03-27 14:54:18 UTC
752,1380,163,6,32056,shipped,2012-03-27 14:54:18 UTC,2012-03-27 14:54:18 UTC
753,1383,163,6,73003,shipped,2012-03-27 14:54:18 UTC,2012-03-27 14:54:18 UTC
754,1976,164,10,27923,packaged,2012-03-27 14:54:18 UTC,2012-03-27 14:54:18 UTC
755,1977,164,3,13832,shipped,2012-03-27 14:54:18 UTC,2012-03-27 14:54:18 UTC
756,1977,164,9,13832,packaged,2012-03-27 14:54:18 UTC,2012-03-27 14:54:18 UTC
757,1978,164,4,42491,pending,2012-03-27 14:54:18 UTC,2012-03-27 14:54:18 UTC
758,1978,164,6,42491,packaged,2012-03-27 14:54:18 UTC,2012-03-27 14:54:18 UTC
759,1977,164,10,13832,pending,2012-03-27 14:54:18 UTC,2012-03-27 14:54:18 UTC
760,1978,164,6,42491,shipped,2012-03-27 14:54:18 UTC,2012-03-27 14:54:18 UTC